Ticker,Name,CUSIP,URL,FundCategory,FundSubCategory,ActiveOrPassive,Sector,Geography,Asset Class,Last Close Price,One Month Return,Standard Deviation (annual),Risk Score,Style,Controversy,Environmental,Governance,Social,Sustainability,Has Tobacco,Has Alcohol,Has Gambling,Has Military,Has Fossil Fuels,Benchmark - Conservative (income-focused),Benchmark - Moderate,Benchmark - Balanced,Benchmark - Growth,Benchmark - Aggressive Growth,Benchmark - Most Aggressive Growth
FBCVX,Fidelity Blue Chip Value Fund ,316389857,https://fundresearch.fidelity.com/mutual-funds/summary/316389857,DomesticEquities,LargeValue,Active,Diversified,Domestic,Equity,18.76,0.0252,0.1082,6,Large Value,Average,High,Low,Average,Average,0,0,1,0,0,0,0,0,0,0,0
FLVEX,Fidelity Large-Cap Value Enhanced Fund ,31606X209,https://fundresearch.fidelity.com/mutual-funds/summary/31606X209,DomesticEquities,LargeValue,Active,Diversified,Domestic,Equity,12.47,0.0148,0.1073,6,Large Value,Low,Average,Low,Average,Low,1,1,0,1,0,0,0,0,0.1,0.15,0.1
FVDFX,Fidelity Value Discovery Fund ,316345503,https://fundresearch.fidelity.com/mutual-funds/summary/316345503,DomesticEquities,LargeValue,Active,Diversified,Domestic,Equity,27.92,0.0216,0.0998,6,Large Value,Low,High,High,Low,Low,1,0,0,1,0,0,0,0,0,0.1,0.1
FLPSX,Fidelity Low-Priced Stock Fund ,316345305,https://fundresearch.fidelity.com/mutual-funds/summary/316345305,DomesticEquities,SmallMidValue,Active,Diversified,Domestic,Equity,54.09,0.0062,0.0922,6,Medium Value,Low,High,High,High,High,1,1,0,0,1,0,0,0,0,0,0
FSMVX,Fidelity Mid-Cap Value Fund ,316128701,https://fundresearch.fidelity.com/mutual-funds/summary/316128701,DomesticEquities,SmallMidValue,Active,Diversified,Domestic,Equity,26.51,0.012,0.1107,7,Medium Value,High,High,Average,Average,Low,0,0,0,1,0,0,0,0,0,0,0
FDVLX,Fidelity Value Fund ,316464106,https://fundresearch.fidelity.com/mutual-funds/summary/316464106,DomesticEquities,SmallMidValue,Active,Diversified,Domestic,Equity,120.14,0.0007,0.1218,7,Medium Value,Low,Average,Average,Average,High,0,0,0,1,0,0,0,0,0,0,0
FCPVX,Fidelity Small-Cap Value Fund ,316389832,https://fundresearch.fidelity.com/mutual-funds/summary/316389832,DomesticEquities,SmallMidValue,Active,Diversified,Domestic,Equity,19.53,0.0293,0.1215,7,Small Value,High,High,Average,High,Average,0,1,1,1,1,0,0,0,0,0,0
FEQTX,Fidelity Equity Dividend Income Fund ,316145101,https://fundresearch.fidelity.com/mutual-funds/summary/316145101,DomesticEquities,IncomeOriented,Active,Diversified,Domestic,Equity,27.98,0.0123,0.0977,6,Large Value,High,High,High,High,Average,1,0,0,0,0,0.15,0,0,0,0,0
FEQIX,Fidelity Equity-Income Fund ,316138106,https://fundresearch.fidelity.com/mutual-funds/summary/316138106,DomesticEquities,IncomeOriented,Active,Diversified,Domestic,Equity,59.47,0.0113,0.1002,6,Large Value,Average,Low,Average,Low,High,1,0,1,0,0,0,0,0,0,0,0
FGRIX,Fidelity Growth & Income Portfolio Fund ,316389204,https://fundresearch.fidelity.com/mutual-funds/summary/316389204,DomesticEquities,IncomeOriented,Active,Diversified,Domestic,Equity,35.15,0.0167,0.1176,7,Large Blend,Low,Low,Low,Average,Average,1,1,1,0,1,0,0.15,0,0,0,0
FDEQX,Fidelity Disciplined Equity Fund ,316066208,https://fundresearch.fidelity.com/mutual-funds/summary/316066208,DomesticEquities,LargeBlend,Active,Diversified,Domestic,Equity,37.11,0.0045,0.1042,6,Large Blend,Average,Low,High,Average,Average,0,0,0,0,1,0,0,0,0,0,0
FLCEX,Fidelity Large-Cap Core Enhanced Index Fund ,31606X100,https://fundresearch.fidelity.com/mutual-funds/summary/31606X100,DomesticEquities,LargeBlend,Active,Diversified,Domestic,Equity,13.65,0.0052,0.1031,6,Large Value,High,High,High,High,Average,0,0,1,0,1,0,0,0,0,0,0
FLCSX,Fidelity Large-Cap Stock Fund ,315912402,https://fundresearch.fidelity.com/mutual-funds/summary/315912402,DomesticEquities,LargeBlend,Active,Diversified,Domestic,Equity,31.39,0.0199,0.1258,7,Large Blend,Average,Low,Average,High,Average,1,0,0,0,0,0,0,0,0,0,0
FGRTX,Fidelity Mega-Cap Stock Fund ,31617F403,https://fundresearch.fidelity.com/mutual-funds/summary/31617F403,DomesticEquities,LargeBlend,Active,Diversified,Domestic,Equity,18.85,0.017,0.1173,7,Large Blend,Average,Average,Average,High,Low,1,0,1,1,0,0,0,0,0.15,0.15,0.15
FMEIX,Fidelity Mid-Cap Enhanced Index Fund ,31606X605,https://fundresearch.fidelity.com/mutual-funds/summary/31606X605,DomesticEquities,SmallMidBlend,Active,Diversified,Domestic,Equity,15.16,0.0115,0.1108,7,Medium Value,High,Low,Low,High,Low,1,0,1,1,1,0,0,0,0,0,0
FCPEX,Fidelity Small-Cap Enhanced Index Fund ,31606X506,https://fundresearch.fidelity.com/mutual-funds/summary/31606X506,DomesticEquities,SmallMidBlend,Active,Diversified,Domestic,Equity,14.12,0.0281,0.1511,9,Small Blend,Low,Average,Low,Average,Low,1,0,0,0,1,0,0,0,0,0,0
FDSCX,Fidelity Stock Selector Small-Cap Fund ,315912303,https://fundresearch.fidelity.com/mutual-funds/summary/315912303,DomesticEquities,SmallMidBlend,Active,Diversified,Domestic,Equity,27.13,0.024,0.1368,8,Small Growth,Low,Average,Average,Low,Low,1,0,0,0,0,0,0,0,0,0,0
FDCAX,Fidelity Capital Appreciation Fund ,316066109,https://fundresearch.fidelity.com/mutual-funds/summary/316066109,DomesticEquities,GoAnywhere,Active,Diversified,Domestic,Equity,36.02,0.0064,0.121,7,Large Growth,Average,Average,Average,High,High,1,1,0,1,1,0,0,0,0,0,0
FCNTX,Fidelity Contrafund ,316071109,https://fundresearch.fidelity.com/mutual-funds/summary/316071109,DomesticEquities,GoAnywhere,Active,Diversified,Domestic,Equity,119.02,0.013,0.1017,6,Large Growth,High,Average,High,Average,High,1,0,1,1,0,0,0,0,0,0,0
FDFFX,Fidelity Independence Fund ,316145309,https://fundresearch.fidelity.com/mutual-funds/summary/316145309,DomesticEquities,GoAnywhere,Active,Diversified,Domestic,Equity,38.69,0.0103,0.1368,8,Large Growth,High,Low,Low,High,High,0,1,0,1,0,0,0,0,0,0,0
FMAGX,Fidelity Magellan Fund ,316184100,https://fundresearch.fidelity.com/mutual-funds/summary/316184100,DomesticEquities,GoAnywhere,Active,Diversified,Domestic,Equity,98.94,0.0072,0.1122,7,Large Growth,Low,Average,High,High,Low,1,0,1,0,1,0,0,0,0,0,0
FMILX,Fidelity New Millennium Fund ,316200302,https://fundresearch.fidelity.com/mutual-funds/summary/316200302,DomesticEquities,GoAnywhere,Active,Diversified,Domestic,Equity,39.39,0.0084,0.1098,6,Large Growth,High,Low,Low,Average,High,1,1,1,1,0,0,0,0,0,0,0
FBGRX,Fidelity Blue Chip Growth Fund ,316389303,https://fundresearch.fidelity.com/mutual-funds/summary/316389303,DomesticEquities,LargeGrowth,Active,Diversified,Domestic,Equity,84.29,0.0118,0.1239,7,Large Growth,High,Low,Low,Average,Low,1,0,0,1,0,0,0,0,0,0,0
FEXPX,Fidelity Export & Multinational Fund ,316448877,https://fundresearch.fidelity.com/mutual-funds/summary/316448877,DomesticEquities,LargeGrowth,Active,Diversified,Domestic,Equity,22.75,0.0117,0.0988,6,Large Value,Low,Average,Average,Average,Average,0,0,0,1,1,0,0,0,0,0,0
FFIDX,Fidelity Fund ,316153105,https://fundresearch.fidelity.com/mutual-funds/summary/316153105,DomesticEquities,LargeGrowth,Active,Diversified,Domestic,Equity,46.25,0.0031,0.1046,6,Large Growth,Low,Low,Low,High,Low,1,1,0,0,0,0,0,0,0,0,0
FDSVX,Fidelity Growth Discovery Fund ,31617F205,https://fundresearch.fidelity.com/mutual-funds/summary/31617F205,DomesticEquities,LargeGrowth,Active,Diversified,Domestic,Equity,31.76,0.01,0.1133,7,Large Growth,Low,Average,Average,Average,Average,1,1,0,0,1,0,0,0,0,0,0
FDGRX,Fidelity Growth Company Fund ,316200104,https://fundresearch.fidelity.com/mutual-funds/summary/316200104,DomesticEquities,LargeGrowth,Active,Diversified,Domestic,Equity,171.49,0.0075,0.1373,8,Large Growth,Average,High,Low,High,Average,0,0,1,0,1,0,0,0,0,0,0
FOCPX,Fidelity OTC Portfolio ,316389105,https://fundresearch.fidelity.com/mutual-funds/summary/316389105,DomesticEquities,LargeGrowth,Active,Diversified,Domestic,Equity,107.37,0.0065,0.1552,9,Large Growth,Average,High,High,High,Average,1,1,0,1,1,0,0,0,0,0,0
FDSSX,Fidelity Stock Selector All Cap Fund ,316066307,https://fundresearch.fidelity.com/mutual-funds/summary/316066307,DomesticEquities,LargeGrowth,Active,Diversified,Domestic,Equity,42.05,0.0066,0.1105,7,Large Growth,High,Average,Average,Average,Average,1,1,0,1,1,0,0,0,0,0,0
FDEGX,Fidelity Growth Strategies Fund ,316200203,https://fundresearch.fidelity.com/mutual-funds/summary/316200203,DomesticEquities,SmallMidGrowth,Active,Diversified,Domestic,Equity,38.15,0.0003,0.1048,6,Medium Growth,High,High,Low,Low,Average,0,0,0,1,0,0,0,0,0,0,0
FMCSX,Fidelity Mid-Cap Stock Fund ,316128404,https://fundresearch.fidelity.com/mutual-funds/summary/316128404,DomesticEquities,SmallMidGrowth,Active,Diversified,Domestic,Equity,37.31,0.0144,0.1075,6,Medium Growth,Average,Average,High,Low,Low,0,1,0,0,1,0,0,0,0,0,0
FSSMX,Fidelity Stock Selector Mid-Cap Fund ,315805283,https://fundresearch.fidelity.com/mutual-funds/summary/315805283,DomesticEquities,SmallMidGrowth,Active,Diversified,Domestic,Equity,38.81,0.012,0.1211,7,Medium Blend,Average,Average,Low,High,Average,1,1,1,0,0,0,0,0.15,0.15,0,0
FCPGX,Fidelity Small-Cap Growth Fund ,316389766,https://fundresearch.fidelity.com/mutual-funds/summary/316389766,DomesticEquities,SmallMidGrowth,Active,Diversified,Domestic,Equity,24.06,0.0242,0.1337,8,Small Growth,High,Low,Average,High,Average,1,1,0,0,1,0,0,0,0,0,0
FLVCX,Fidelity Leveraged Company Stock Fund ,316389873,https://fundresearch.fidelity.com/mutual-funds/summary/316389873,DomesticEquities,Diversifiers,Active,Diversified,Domestic,Equity,37.39,0.023,0.139,8,Medium Growth,Average,Low,Average,High,Average,1,0,1,1,1,0,0,0,0,0,0
FARNX,Fidelity Event Driven Opportunities Fund ,315912758,https://fundresearch.fidelity.com/mutual-funds/summary/315912758,DomesticEquities,Diversifiers,Active,Diversified,Domestic,Equity,14.37,0.0014,0.1543,9,Medium Blend,High,Average,High,Low,Low,1,0,0,0,1,0,0,0,0,0,0
FIENX,Fidelity International Enhanced Index Fund ,31606X407,https://fundresearch.fidelity.com/mutual-funds/summary/31606X407,InternationalEquities,CoreInternational,Active,Diversified,International,Equity,9.52,0,0.1171,7,Large Value,Low,High,Average,Low,Average,1,1,0,0,1,0,0,0,0,0,0
FIVFX,Fidelity International Capital Appreciation Fund ,315910810,https://fundresearch.fidelity.com/mutual-funds/summary/315910810,InternationalEquities,CoreInternational,Active,Diversified,International,Equity,19.8,0.046,0.1131,7,Large Growth,Average,High,Low,High,High,1,1,0,1,0,0,0,0,0,0,0
FIGRX,Fidelity International Discovery Fund ,315910208,https://fundresearch.fidelity.com/mutual-funds/summary/315910208,InternationalEquities,CoreInternational,Active,Diversified,International,Equity,44.19,0.0043,0.1154,7,Large Growth,High,Low,Low,Average,High,1,1,1,1,1,0,0,0,0,0,0
FDIVX,Fidelity Diversified International Fund ,315910802,https://fundresearch.fidelity.com/mutual-funds/summary/315910802,InternationalEquities,CoreInternational,Active,Diversified,International,Equity,39.59,0.0387,0.1158,7,Large Growth,Average,Low,Low,Average,Low,0,0,1,0,0,0,0,0,0,0,0
FOSFX,Fidelity Overseas Fund ,316343102,https://fundresearch.fidelity.com/mutual-funds/summary/316343102,InternationalEquities,CoreInternational,Active,Diversified,International,Equity,47.72,0.0434,0.1173,7,Large Growth,High,Low,Low,Low,Average,1,0,0,1,0,0,0,0,0,0,0
FIGFX,Fidelity International Growth Fund ,315910315,https://fundresearch.fidelity.com/mutual-funds/summary/315910315,InternationalEquities,CoreInternational,Active,Diversified,International,Equity,12.92,0.0486,0.1109,7,Large Growth,Average,High,Average,High,High,0,1,1,0,1,0,0,0,0,0,0
FIVLX,Fidelity International Value Fund ,315910489,https://fundresearch.fidelity.com/mutual-funds/summary/315910489,InternationalEquities,CoreInternational,Active,Diversified,International,Equity,8.72,0.0035,0.1094,6,Large Value,High,Low,Average,Average,Low,0,1,1,0,1,0,0,0,0,0,0
FISMX,Fidelity International Small Cap Fund ,315910737,https://fundresearch.fidelity.com/mutual-funds/summary/315910737,InternationalEquities,CoreInternational,Active,Diversified,International,Equity,28.26,0.0324,0.108,6,Medium Blend,Average,Low,Low,Average,High,0,0,1,1,0,0,0,0,0,0,0
FSCOX,Fidelity International Small Cap Opportunities Fund ,315910562,https://fundresearch.fidelity.com/mutual-funds/summary/315910562,InternationalEquities,CoreInternational,Active,Diversified,International,Equity,17.91,0.0034,0.1081,6,Medium Growth,Average,Average,Average,Low,Low,1,1,0,0,1,0,0,0,0,0,0
FHKCX,Fidelity China Region Fund ,315910778,https://fundresearch.fidelity.com/mutual-funds/summary/315910778,InternationalEquities,RegionalSingleCountry,Active,Diversified,International,Equity,31.63,0.0249,0.2196,10,Large Growth,Low,High,Low,High,High,1,0,1,1,1,0,0,0,0,0,0
FEMEX,"Fidelity Emerging Europe, Middle East, Africa Fund ",315910182,https://fundresearch.fidelity.com/mutual-funds/summary/315910182,InternationalEquities,RegionalSingleCountry,Active,Diversified,International,Equity,9.13,0.0125,0.1685,9,Medium Blend,High,Average,Average,High,Low,1,0,1,1,1,0,0,0,0,0,0
FIEUX,Fidelity Europe Fund ,316343300,https://fundresearch.fidelity.com/mutual-funds/summary/316343300,InternationalEquities,RegionalSingleCountry,Active,Diversified,International,Equity,40.27,0.0123,0.1388,8,Large Growth,Average,Low,Average,Low,High,0,0,1,0,1,0,0,0,0,0,0
FLATX,Fidelity Latin America Fund ,315910844,https://fundresearch.fidelity.com/mutual-funds/summary/315910844,InternationalEquities,RegionalSingleCountry,Active,Diversified,International,Equity,23.64,0.0032,0.2334,10,Large Blend,Low,Low,Average,Low,Average,1,0,1,0,1,0,0,0,0,0,0
FNORX,Fidelity Nordic Fund ,315910752,https://fundresearch.fidelity.com/mutual-funds/summary/315910752,InternationalEquities,RegionalSingleCountry,Active,Diversified,International,Equity,52.72,0.0252,0.1277,7,Medium Growth,Average,Low,Average,Average,Average,1,0,1,0,0,0,0,0,0,0,0
FPBFX,Fidelity Pacific Basin Fund ,316343201,https://fundresearch.fidelity.com/mutual-funds/summary/316343201,InternationalEquities,RegionalSingleCountry,Active,Diversified,International,Equity,32.66,0.0212,0.1171,7,Large Growth,Average,Low,Average,High,High,0,1,0,1,1,0,0,0,0,0,0
FICDX,Fidelity Canada Fund ,315910307,https://fundresearch.fidelity.com/mutual-funds/summary/315910307,InternationalEquities,RegionalSingleCountry,Active,Diversified,International,Equity,52.23,0.0244,0.1314,8,Large Blend,High,High,Low,High,Low,1,1,1,0,0,0,0,0,0,0,0
FJPNX,Fidelity Japan Fund ,315910885,https://fundresearch.fidelity.com/mutual-funds/summary/315910885,InternationalEquities,RegionalSingleCountry,Active,Diversified,International,Equity,14.08,0.0169,0.118,7,Large Growth,High,High,High,Average,Low,0,1,1,0,0,0,0,0,0,0,0
FJSCX,Fidelity Japan Smaller Companies Fund ,315910760,https://fundresearch.fidelity.com/mutual-funds/summary/315910760,InternationalEquities,RegionalSingleCountry,Active,Diversified,International,Equity,17.48,0.0144,0.1006,6,Medium Blend,Average,Average,Low,Low,High,1,1,0,1,0,0,0,0,0,0,0
FGILX,Fidelity Global Equity Income Fund ,31618H481,https://fundresearch.fidelity.com/mutual-funds/summary/31618H481,InternationalEquities,Global,Active,Diversified,International,Equity,13.5,0.0191,0.0897,5,Large Blend,Average,Average,Average,Low,High,0,0,0,0,0,0,0,0,0,0,0
FEMKX,Fidelity Emerging Markets Fund ,315910869,https://fundresearch.fidelity.com/mutual-funds/summary/315910869,InternationalEquities,Global,Active,Diversified,International,Equity,29.22,0.0179,0.1392,8,Large Growth,Average,High,Average,Low,Low,1,0,1,1,1,0,0,0,0,0,0
FSAVX,Fidelity Select Automotive Portfolio ,316390699,https://fundresearch.fidelity.com/mutual-funds/summary/316390699,Sectors,Global,Active,Consumer Discretionary,International,Equity,35.05,0.0009,0.1746,9,Large Blend,High,High,Average,Average,Average,0,1,1,0,1,0,0,0,0,0,0
FDLSX,Fidelity Select Leisure Portfolio ,316390707,https://fundresearch.fidelity.com/mutual-funds/summary/316390707,Sectors,Global,Active,Consumer Discretionary,International,Equity,158.62,0.0013,0.1142,7,Large Growth,Average,Average,Low,Low,Low,1,1,0,0,0,0,0,0,0,0,0
FBMPX,Fidelity Select Multimedia Portfolio ,316390681,https://fundresearch.fidelity.com/mutual-funds/summary/316390681,Sectors,Global,Active,Consumer Discretionary,International,Equity,82.44,0.0014,0.147,8,Large Growth,Average,High,Low,High,Low,0,1,1,0,1,0,0,0,0,0,0
FDFAX,Fidelity Select Consumer Staples Portfolio ,316390848,https://fundresearch.fidelity.com/mutual-funds/summary/316390848,Sectors,Global,Active,Consumer Staples,International,Equity,99.66,0.0016,0.1055,6,Large Blend,Average,Low,High,Low,High,0,1,1,0,1,0,0,0,0,0,0
FSNGX,Fidelity Select Natural Gas Portfolio ,316390525,https://fundresearch.fidelity.com/mutual-funds/summary/316390525,Sectors,Energy,Active,Energy,International,Equity,23.27,0.0019,0.2829,10,Medium Value,Low,Average,High,High,Average,0,1,0,0,0,0,0,0,0,0,0
FNARX,Fidelity Select Natural Resources Portfolio ,316390491,https://fundresearch.fidelity.com/mutual-funds/summary/316390491,Sectors,Energy,Active,Energy,International,Equity,26.22,0.02,0.2154,10,Medium Blend,High,Low,Low,Low,Average,1,0,0,1,1,0,0,0,0,0,0
FIDSX,Fidelity Select Financial Services Portfolio ,316390608,https://fundresearch.fidelity.com/mutual-funds/summary/316390608,Sectors,Energy,Active,Financials,International,Equity,104.18,0.0634,0.1386,8,Large Value,High,Low,Low,High,High,1,1,1,0,0,0,0,0,0,0,0
FSRBX,Fidelity Select Banking Portfolio ,316390640,https://fundresearch.fidelity.com/mutual-funds/summary/316390640,Sectors,Energy,Active,Financials,International,Equity,32.76,0.0654,0.1878,9,Large Value,Average,Average,High,Average,High,0,0,0,1,1,0,0,0,0,0,0
FSPCX,Fidelity Select Insurance Portfolio ,316390541,https://fundresearch.fidelity.com/mutual-funds/summary/316390541,Sectors,Energy,Active,Financials,International,Equity,84.77,0.0221,0.1239,7,Large Value,High,Low,Low,High,High,1,0,1,1,0,0,0,0,0,0,0
FSPHX,Fidelity Select Health Care Portfolio ,316390301,https://fundresearch.fidelity.com/mutual-funds/summary/316390301,Sectors,HealthCare,Active,Health Care,International,Equity,231.19,0.0657,0.1629,9,Large Growth,Low,High,Low,High,Average,0,0,0,1,0,0,0,0,0,0,0
FBIOX,Fidelity Select Biotechnology Portfolio ,316390772,https://fundresearch.fidelity.com/mutual-funds/summary/316390772,Sectors,HealthCare,Active,Health Care,International,Equity,224.53,0.1093,0.2966,10,Medium Growth,High,Average,High,Average,Low,0,1,0,1,0,0,0,0,0,0,0
FPHAX,Fidelity Select Pharmaceuticals Portfolio ,316390442,https://fundresearch.fidelity.com/mutual-funds/summary/316390442,Sectors,HealthCare,Active,Health Care,International,Equity,19.35,0.0214,0.1408,8,Large Blend,Low,Average,Average,Average,Average,0,1,1,0,1,0,0,0,0,0,0
FCYIX,Fidelity Select Industrials Portfolio ,316390517,https://fundresearch.fidelity.com/mutual-funds/summary/316390517,Sectors,Industrials,Active,Industrials,International,Equity,33.6,0.0015,0.135,8,Large Blend,Low,Average,Average,High,High,1,1,0,0,1,0,0,0,0,0,0
FSAIX,Fidelity Select Air Transportation Portfolio ,316390798,https://fundresearch.fidelity.com/mutual-funds/summary/316390798,Sectors,Industrials,Active,Industrials,International,Equity,80.49,0.0286,0.1452,8,Medium Value,Low,High,High,Average,Average,1,0,1,1,1,0,0,0,0,0,0
FSLEX,Fidelity Select Environment & Alternative Energy Portfolio ,316390574,https://fundresearch.fidelity.com/mutual-funds/summary/316390574,Sectors,Industrials,Active,Industrials,International,Equity,25.09,0.0122,0.1315,8,Medium Blend,Low,Low,Low,Average,High,1,0,1,1,1,0,0,0,0,0.1,0.1
FSCGX,Fidelity Select Industrial Equipment Portfolio ,316390533,https://fundresearch.fidelity.com/mutual-funds/summary/316390533,Sectors,Industrials,Active,Industrials,International,Equity,40.31,0.02,0.134,8,Large Blend,High,Low,Average,High,High,1,0,1,1,1,0,0,0,0,0,0
FSPTX,Fidelity Select Technology Portfolio ,316390202,https://fundresearch.fidelity.com/mutual-funds/summary/316390202,Sectors,InformationTechnology,Active,Information Technology,International,Equity,172.24,0.03,0.1485,8,Large Growth,Average,Low,Low,Average,High,0,1,0,1,1,0,0,0,0,0,0
FDCPX,Fidelity Select Computers Portfolio ,316390871,https://fundresearch.fidelity.com/mutual-funds/summary/316390871,Sectors,InformationTechnology,Active,Information Technology,International,Equity,89.74,0.03,0.1686,9,Large Blend,Average,High,High,Low,Low,0,0,1,1,1,0,0,0,0,0,0
FBSOX,Fidelity Select IT Services Portfolio ,316390483,https://fundresearch.fidelity.com/mutual-funds/summary/316390483,Sectors,InformationTechnology,Active,Information Technology,International,Equity,49.45,0.03,0.1308,8,Large Growth,Average,Low,High,High,Low,1,0,0,1,1,0,0,0,0,0,0
FSCHX,Fidelity Select Chemicals Portfolio ,316390889,https://fundresearch.fidelity.com/mutual-funds/summary/316390889,Sectors,Materials,Active,Materials,International,Equity,166.79,0.0262,0.1643,9,Medium Value,Low,Low,High,High,Low,0,1,0,0,0,0,0,0,0,0,0
FSAGX,Fidelity Select Gold Portfolio ,316390780,https://fundresearch.fidelity.com/mutual-funds/summary/316390780,Sectors,Materials,Active,Materials,International,Equity,20.1,0.02,0.4003,10,Medium Growth,Low,Average,Average,High,Low,1,1,1,1,1,0,0,0,0,0,0
FFGCX,Fidelity Global Commodity Stock Fund ,31618H606,https://fundresearch.fidelity.com/mutual-funds/summary/31618H606,Sectors,Materials,Active,Materials,International,Equity,11.6,0.001,0.1864,9,Large Value,Average,High,High,Average,High,0,0,1,1,1,0,0,0,0,0,0
FRXIX,Fidelity Real Estate Index Fund ,316146240,https://fundresearch.fidelity.com/mutual-funds/summary/316146240,Sectors,RealEstate,Active,Real Estate,International,Equity,15.57,0.0239,0.1514,9,Medium Blend,Low,Average,High,Average,Low,0,1,1,1,1,0,0,0,0,0,0
FIREX,Fidelity International Real Estate Fund ,316389840,https://fundresearch.fidelity.com/mutual-funds/summary/316389840,Sectors,RealEstate,Active,Real Estate,International,Equity,11.04,0.013,0.1077,6,Medium Blend,Low,Average,Low,Low,High,1,1,0,0,1,0,0,0,0,0,0
FIUIX,Fidelity Telecom & Utilities Fund ,316128107,https://fundresearch.fidelity.com/mutual-funds/summary/316128107,Sectors,Utilities,Active,Utilities,International,Equity,26.37,0.023,0.1016,6,Large Value,High,Average,High,Low,High,1,1,1,1,0,0,0,0,0,0,0
FCONX,Fidelity Conservative Income Bond Fund ,316146539,https://fundresearch.fidelity.com/mutual-funds/summary/316146539,FixedIncome,ShortDuration,Active,Diversified,International,Corporate Bonds,10.04,0.001,0.0018,1,Limited Medium,Low,Average,Low,Average,Average,0,0,0,0,1,0,0,0,0,0,0
FCRDX,Fidelity Conservative Income Municipal Bond Fund ,316203835,https://fundresearch.fidelity.com/mutual-funds/summary/316203835,FixedIncome,ShortDuration,Active,Diversified,International,Municipal Bonds,10.04,0.001,0.0035,1,Limited Medium,Low,High,Low,Low,Average,0,0,1,0,0,0,0,0,0,0,0
FMNDX,Fidelity Conservative Income Municipal Bond Fund - Institutional Class ,316203843,https://fundresearch.fidelity.com/mutual-funds/summary/316203843,FixedIncome,ShortDuration,Active,Diversified,International,Municipal Bonds,10.04,0.001,0.0035,1,Limited Medium,Average,High,Average,Average,Low,1,1,0,0,1,0,0,0,0,0,0
FJRLX,Fidelity Limited Term Bond Fund ,315916718,https://fundresearch.fidelity.com/mutual-funds/summary/315916718,FixedIncome,ShortDuration,Active,Diversified,International,Corporate Bonds,11.54,0.0013,0.0141,2,Limited Medium,Low,Average,High,Low,High,0,1,0,1,0,0.25,0,0,0,0,0
FSAHX,Fidelity Short Duration High Income Fund ,31641Q847,https://fundresearch.fidelity.com/mutual-funds/summary/31641Q847,FixedIncome,ShortDuration,Active,Diversified,International,Corporate Bonds,9.59,0.0014,0.0493,3,Small Value,Average,High,Low,Average,Average,0,1,1,0,1,0,0,0,0,0,0
FFXSX,Fidelity Limited Term Government Fund ,315809400,https://fundresearch.fidelity.com/mutual-funds/summary/315809400,FixedIncome,ShortDuration,Active,Diversified,International,Government Bonds,9.96,0.0015,0.014,2,Limited High,High,Average,High,High,Low,1,1,0,0,1,0,0,0,0,0,0
FCSTX,Fidelity California Limited Term Tax-Free Bond Fund ,316061852,https://fundresearch.fidelity.com/mutual-funds/summary/316061852,FixedIncome,ShortDuration,Active,Diversified,International,Municipal Bonds,10.68,0.0017,0.0178,2,Limited Medium,High,High,High,Low,High,0,1,0,1,1,0,0,0,0,0,0
FFRHX,Fidelity Floating Rate High Income Fund ,315916783,https://fundresearch.fidelity.com/mutual-funds/summary/315916783,FixedIncome,ShortDuration,Active,Diversified,International,Corporate Bonds,9.68,0.0018,0.0317,3,Large Value,Average,Low,High,Low,High,1,0,0,0,1,0,0,0,0,0,0
FCBFX,Fidelity Corporate Bond Fund ,316146596,https://fundresearch.fidelity.com/mutual-funds/summary/316146596,FixedIncome,Corporate,Active,Diversified,International,Corporate Bonds,11.64,0.0043,0.0422,3,Moderate Medium,High,Low,High,Average,Average,0,0,0,0,0,0.1,0,0,0,0,0
FMSFX,Fidelity Mortgage Securities Fund ,31617K204,https://fundresearch.fidelity.com/mutual-funds/summary/31617K204,FixedIncome,Mortgage,Active,Diversified,Domestic,Mortgages,11.28,0.0043,0.0193,2,Limited Medium,High,Low,Low,Average,High,1,0,0,0,0,0,0,0,0,0,0
FGMNX,Fidelity GNMA Fund ,31617K105,https://fundresearch.fidelity.com/mutual-funds/summary/31617K105,FixedIncome,Mortgage,Active,Diversified,Domestic,Mortgages,11.46,0.0043,0.0169,2,Limited High,High,High,Average,Average,Average,1,0,1,0,1,0,0,0,0,0,0
FGOVX,Fidelity Government Income Fund ,316172105,https://fundresearch.fidelity.com/mutual-funds/summary/316172105,FixedIncome,Government,Active,Diversified,Domestic,Government Bonds,10.28,0.0043,0.0295,2,Moderate High,Average,Low,Low,High,Average,0,0,1,1,0,0,0,0,0,0,0
FINPX,Fidelity Inflation-Protected Bond Fund ,316146604,https://fundresearch.fidelity.com/mutual-funds/summary/316146604,FixedIncome,Government,Active,Diversified,Domestic,Government Bonds,11.97,0.0043,0.0396,3,Moderate High,Low,Average,High,High,Low,1,0,1,1,1,0,0,0,0,0,0
FTBFX,Fidelity Total Bond Fund ,31617K881,https://fundresearch.fidelity.com/mutual-funds/summary/31617K881,FixedIncome,DiversifiedOpportunistic,Active,Diversified,International,Corporate Bonds,10.71,0.0043,0.0307,3,Medium Value,High,High,Average,High,Average,1,0,0,0,1,0.4,0,0,0,0,0
FAGIX,Fidelity Capital & Income Fund ,316062108,https://fundresearch.fidelity.com/mutual-funds/summary/316062108,FixedIncome,DiversifiedOpportunistic,Active,Diversified,International,Corporate Bonds,10.18,0.0089,0.0612,4,Large Growth,Low,High,Low,Average,Average,0,1,1,1,0,0,0,0,0,0,0
FTHRX,Fidelity Intermediate Bond ,315912105,https://fundresearch.fidelity.com/mutual-funds/summary/315912105,FixedIncome,DiversifiedOpportunistic,Active,Diversified,International,Corporate Bonds,10.91,0.0089,0.0219,2,Limited Medium,High,High,Low,High,Average,1,1,1,1,1,0,0.4,0.15,0.25,0.15,0.15
FBNDX,FidelityÂInvestment Grade Bond ,316146109,https://fundresearch.fidelity.com/mutual-funds/summary/316146109,FixedIncome,DiversifiedOpportunistic,Active,Diversified,International,Corporate Bonds,7.94,0.0089,0.0315,3,Moderate Medium,Low,Low,Average,Low,Low,1,0,1,1,1,0.1,0,0.15,0,0,0
FGBFX,Fidelity Global Credit Fund ,31638R881,https://fundresearch.fidelity.com/mutual-funds/summary/31638R881,FixedIncome,International,Active,Diversified,International,Corporate Bonds,9.16,0.0022,0.0548,4,Extensive Medium,Average,Low,Low,High,Low,0,0,0,1,1,0,0,0,0,0,0
FNMIX,Fidelity New Markets Income Fund ,315910836,https://fundresearch.fidelity.com/mutual-funds/summary/315910836,FixedIncome,International,Active,Diversified,International,Corporate Bonds,16.27,0.0022,0.0737,5,Large Value,Low,High,High,Low,Low,1,0,1,0,0,0,0,0,0,0,0
FGHNX,Fidelity Global High Income Fund ,31641Q854,https://fundresearch.fidelity.com/mutual-funds/summary/31641Q854,FixedIncome,International,Active,Diversified,International,Corporate Bonds,9.71,0.014,0.0609,4,Medium Value,High,Average,Low,Low,High,0,0,1,0,1,0,0,0,0,0,0
FHIFX,Fidelity Focused High Income Fund ,316146794,https://fundresearch.fidelity.com/mutual-funds/summary/316146794,FixedIncome,HighYield,Active,Diversified,International,Corporate Bonds,8.72,0.0057,0.0533,4,None,Low,High,Low,Low,Average,1,0,0,0,0,0,0,0,0,0,0
FHIGX,Fidelity Municipal Income Fund ,316089507,https://fundresearch.fidelity.com/mutual-funds/summary/316089507,FixedIncome,MunicipalNational,Active,Diversified,Domestic,Municipal Bonds,13.21,0.015161002,0.037,3,Extensive Medium,Average,Average,Low,High,Low,1,1,0,0,0,0,0,0,0,0,0
FLTMX,Fidelity Intermediate Municipal Income Fund ,31638R204,https://fundresearch.fidelity.com/mutual-funds/summary/31638R204,FixedIncome,MunicipalNational,Active,Diversified,Domestic,Municipal Bonds,10.42,0.015537164,0.0274,2,Moderate Medium,Low,Average,Average,Low,Average,0,1,1,0,1,0,0,0,0,0,0
FMCFX,Fidelity Municipal Income 2019 Fund ,316146448,https://fundresearch.fidelity.com/mutual-funds/summary/316146448,FixedIncome,MunicipalNational,Active,Diversified,Domestic,Municipal Bonds,10.66,0.010059293,0.0167,2,Limited Medium,Average,Low,Low,High,Low,1,1,1,0,1,0,0,0,0,0,0
FOCFX,Fidelity Municipal Income 2021 Fund ,316146414,https://fundresearch.fidelity.com/mutual-funds/summary/316146414,FixedIncome,MunicipalNational,Active,Diversified,Domestic,Municipal Bonds,10.98,0.015077154,0.0299,2,Limited Medium,High,Average,Low,High,Average,1,0,1,1,1,0,0,0,0,0,0
FFTHX,Fidelity Freedom 2035 Fund ,315792655,https://fundresearch.fidelity.com/mutual-funds/summary/315792655,AssetAllocation,TargetDate,Active,Diversified,International,Mixed,14.58,0.0064,0.0982,6,Large Blend,Average,High,Low,Average,Average,0,1,0,1,0,0,0,0,0,0,0
FDEEX,Fidelity Freedom 2055 Fund ,315793851,https://fundresearch.fidelity.com/mutual-funds/summary/315793851,AssetAllocation,TargetDate,Active,Diversified,International,Mixed,13.09,0.0063,0.0976,6,Large Blend,Average,High,Low,Low,Average,0,1,0,1,0,0,0,0,0,0,0
FDKVX,Fidelity Freedom 2060 Fund ,315793729,https://fundresearch.fidelity.com/mutual-funds/summary/315793729,AssetAllocation,TargetDate,Active,Diversified,International,Mixed,11.63,0.0071,0.0975,6,Large Blend,Average,Average,Average,High,Average,0,1,0,1,0,0,0,0,0,0,0
FFFAX,Fidelity Freedom Income Fund ,31617R308,https://fundresearch.fidelity.com/mutual-funds/summary/31617R308,AssetAllocation,TargetDate,Active,Diversified,International,Mixed,11.76,0.0009,0.0348,3,Large Blend,Average,High,Low,Average,Low,0,1,1,0,1,0,0,0,0,0,0
FFANX,Fidelity Asset Manager 40% ,316069657,https://fundresearch.fidelity.com/mutual-funds/summary/316069657,AssetAllocation,TargetRisk,Active,Diversified,International,Mixed,11.52,0.0018,0.05,4,Large Growth,Average,Average,Average,Average,Low,1,0,0,0,1,0,0,0,0,0,0
FSANX,Fidelity Asset Manager 60% ,316069582,https://fundresearch.fidelity.com/mutual-funds/summary/316069582,AssetAllocation,TargetRisk,Active,Diversified,International,Mixed,12.26,0.0033,0.0694,4,Large Growth,High,Low,High,High,Average,1,0,1,1,0,0,0,0,0,0,0
FBALX,Fidelity Balanced Fund ,316345206,https://fundresearch.fidelity.com/mutual-funds/summary/316345206,AssetAllocation,BalancedAllocation,Active,Diversified,International,Mixed,24.15,0.0017,0.0754,5,Large Growth,Low,High,High,High,Low,0,1,0,1,1,0,0,0,0,0,0
FGBLX,Fidelity Global Balanced Fund ,316345404,https://fundresearch.fidelity.com/mutual-funds/summary/316345404,AssetAllocation,BalancedAllocation,Active,Diversified,International,Mixed,24.97,0.0266,0.0757,5,Large Growth,Average,Average,Low,Average,Average,0,1,1,0,0,0,0,0,0,0,0
FDYSX,Fidelity Global Strategies Fund ,316146737,https://fundresearch.fidelity.com/mutual-funds/summary/316146737,AssetAllocation,BalancedAllocation,Active,Diversified,International,Mixed,9.47,0.0106,0.069,4,Large Growth,Low,Average,Low,High,Low,1,0,0,1,0,0,0,0,0,0,0
FIRNX,Fidelity Simplicity RMD Income Fund ,31617K519,https://fundresearch.fidelity.com/mutual-funds/summary/31617K519,AssetAllocation,SimplicityRMDFunds,Active,Diversified,International,Mixed,61.15,0.0009,0.0448,3,Large Blend,Average,High,Low,Average,High,1,1,1,1,1,0,0,0,0,0,0
FSCKX,Fidelity Mid Cap Index Fund Premium Class ,316146281,https://fundresearch.fidelity.com/mutual-funds/summary/316146281,Index,DomesticStock,Passive,Diversified,International,Equity,19.81,0.0094,0.1128,7,Medium Blend,High,High,Average,Average,High,1,0,1,1,0,0,0,0,0,0,0
FENSX,Fidelity U.S. Sustainability Index Fund Investor Class ,31635V422,https://fundresearch.fidelity.com/mutual-funds/summary/31635V422,Index,DomesticStock,Passive,Diversified,International,Equity,10.39,0.0069,0.1342,8,None,High,Low,Average,High,High,0,1,0,1,0,0,0,0,0,0,0.1
FNCMX,Fidelity Nasdaq Composite Index Fund ,315912709,https://fundresearch.fidelity.com/mutual-funds/summary/315912709,Index,DomesticStock,Passive,Diversified,International,Equity,84.52,0.0091,0.1288,7,Large Growth,Average,Low,High,Low,Low,1,1,0,1,0,0,0.15,0.15,0.15,0.15,0.15
FSIIX,Fidelity International Index Fund Investor Class ,315911602,https://fundresearch.fidelity.com/mutual-funds/summary/315911602,Index,InternationalStock,Passive,Diversified,International,Equity,41.17,0.001,0.1171,7,Large Blend,Low,High,High,High,Average,1,0,0,1,0,0,0.15,0.15,0.15,0.2,0
FSGUX,Fidelity Global ex US Index Fund Investor Class ,316146158,https://fundresearch.fidelity.com/mutual-funds/summary/316146158,Index,InternationalStock,Passive,Diversified,International,Equity,12.83,0.0316,0.1197,7,Large Blend,High,High,High,High,Low,0,1,0,0,1,0,0,0,0,0,0.15
FPEMX,Fidelity Emerging Markets Index Fund Investor Class ,316146349,https://fundresearch.fidelity.com/mutual-funds/summary/316146349,Index,InternationalStock,Passive,Diversified,International,Equity,10.61,0.029,0.1602,9,Large Blend,Low,Low,Average,High,Low,0,0,1,0,1,0,0,0,0,0,0
FPMAX,Fidelity Emerging Markets Index Fund Premium Class ,316146174,https://fundresearch.fidelity.com/mutual-funds/summary/316146174,Index,InternationalStock,Passive,Diversified,International,Equity,10.62,0.029,0.1603,9,Large Blend,Low,Average,High,Average,Low,1,1,1,1,0,0,0,0,0,0,0
FFNOX,Fidelity Four-in-One Index Fund ,31634R109,https://fundresearch.fidelity.com/mutual-funds/summary/31634R109,Index,Speciality,Passive,Diversified,International,Equity,42.25,0.0061,0.0886,5,Large Blend,High,Low,Low,Average,High,0,0,0,0,1,0,0,0,0,0,0
FBIDX,Fidelity U.S. Bond Index Fund Investor Class ,315911107,https://fundresearch.fidelity.com/mutual-funds/summary/315911107,Index,Bond,Passive,Diversified,International,Corporate Bonds,11.65,0.0061,0.0304,3,Moderate High,Average,Low,Average,High,Low,1,1,0,0,1,0,0,0,0,0,0
FSBIX,Fidelity Short-Term Treasury Bond Index Fund Investor Class ,315911867,https://fundresearch.fidelity.com/mutual-funds/summary/315911867,Index,Bond,Passive,Diversified,International,Government Bonds,10.42,0.0061,0.0149,2,Limited High,Average,High,High,Average,Average,1,1,1,1,1,0,0,0,0,0,0
FSBAX,Fidelity Short-Term Treasury Bond Index Fund Premium Class ,315911859,https://fundresearch.fidelity.com/mutual-funds/summary/315911859,Index,Bond,Passive,Diversified,International,Government Bonds,10.42,0.0061,0.0149,2,Limited High,High,Low,Average,High,Average,0,0,0,1,0,0,0,0,0,0,0
FIBIX,Fidelity Intermediate Treasury Bond Index Fund Investor Class ,315911842,https://fundresearch.fidelity.com/mutual-funds/summary/315911842,Index,Bond,Passive,Diversified,International,Government Bonds,10.81,0.0061,0.0457,3,Moderate High,High,High,Average,Low,Average,1,1,0,0,0,0,0,0,0,0,0
FLBIX,Fidelity Long-Term Treasury Bond Index Fund Investor Class ,315911826,https://fundresearch.fidelity.com/mutual-funds/summary/315911826,Index,Bond,Passive,Diversified,International,Government Bonds,13.13,0.0068,0.1147,7,Extensive High,High,Low,Low,Low,High,0,0,1,1,1,0,0,0,0,0,0
FSIYX,Fidelity Inflation-Protected Bond Index Fund Premium Class ,316146125,https://fundresearch.fidelity.com/mutual-funds/summary/316146125,Index,Bond,Passive,Diversified,International,Government Bonds,9.79,0.0077,0.0408,3,Moderate High,Low,High,Average,Low,High,0,1,0,1,1,0,0,0,0,0,0
FDRXX,Fidelity Government Cash Reserves ,316067107,https://fundresearch.fidelity.com/mutual-funds/summary/316067107,MoneyMarket,TreasuryandGovernmentMoneyMarket,Active,Diversified,Domestic,Money Market,1,0.02,0.0004,0,None,Low,Average,Average,Low,High,1,0,0,1,0,0,0.15,0.1,0.05,0,0
CX_IE00BY7QL619_NYQ,JOHNSON CONTROLS INTERNATIONAL PLC,00BY7QL61,,Not Applicable,Not Applicable,Not Applicable,Industrials,Domestic,Equity,44.00,,,5,,Average,Average,Low,High,Low,0,0,0,0,0,0,0,0,0,0,0
CX_US02079KAA51_USD,ALPHABET INC,02079KAA5,,Not Applicable,Not Applicable,Not Applicable,Information Technology,Domestic,Corporate Bonds,105.39,,,3,,Low,Average,Average,Low,Average,0,0,0,0,0,0,0,0,0,0,0
CX_US031162BG42_USD,AMGEN INC,031162BG4,,Not Applicable,Not Applicable,Not Applicable,Health Care,Domestic,Corporate Bonds,106.49,,,4,,Average,Low,Low,High,Low,0,0,0,0,0,0,0,0,0,0,0
CX_US031162BK53_USD,Amgen 5.15% 11/15/2041,031162BK5,,Not Applicable,Not Applicable,Not Applicable,Health Care,Domestic,Corporate Bonds,116.05,,,3,,High,Average,Low,High,Average,0,0,0,0,0,0,0,0,0,0,0
CX_US03232PAD06_USD,AmSurg Corp 5.625% 07/15/2022,03232PAD0,,Not Applicable,Not Applicable,Not Applicable,Health Care,Domestic,Corporate Bonds,104.00,,,3,,Average,High,Low,Average,Average,0,0,0,0,0,0,0,0,0,0,0
CX_US0533321024_NYQ,AUTOZONE INC,053332102,,Not Applicable,Not Applicable,Not Applicable,Consumer Discretionary,Domestic,Equity,495.69,,,7,,Average,High,Low,Low,Average,0,0,0,0,0,0,0,0,0,0,0
CX_US0584981064_NYQ,BALL CORP,058498106,,Not Applicable,Not Applicable,Not Applicable,Materials,Domestic,Equity,42.42,,,5,,Average,Average,Average,High,Average,0,0,0,0,0,0,0,0,0,0,0
CX_US1696561059_NYQ,CHIPOTLE MEXICAN GRILL INC,169656105,,Not Applicable,Not Applicable,Not Applicable,Consumer Discretionary,Domestic,Equity,374.98,,,4,,Average,High,Low,Average,Low,0,0,0,0,0,0,0,0,0,0,0
CX_US1912161007_NYQ,COCA-COLA,191216100,,Not Applicable,Not Applicable,Not Applicable,Consumer Staples,Domestic,Equity,44.67,,,5,,Average,Average,Average,Average,Low,0,0,0,0,0,0,0,0,0,0,0
CX_US29379VAY92_USD,ENTERPRISE PRODUCTS OPERATING LLC,29379VAY9,,Not Applicable,Not Applicable,Not Applicable,Energy,Domestic,Corporate Bonds,99.53,,,2,,High,Low,High,High,Low,0,0,0,0,0,0,0,0,0,0,0
CX_US30231GAN25_USD,EXXON MOBIL CORP,30231GAN2,,Not Applicable,Not Applicable,Not Applicable,Energy,Domestic,Corporate Bonds,96.35,,,3,,Low,Low,High,High,Low,0,0,0,0,1,0,0,0,0,0,0
CX_US46120E6023_NSQ,INTUITIVE SURGICAL INC,46120E602,,Not Applicable,Not Applicable,Not Applicable,Health Care,Domestic,Equity,946.65,,,6,,Average,Average,Low,Average,Average,0,0,0,0,0,0,0,0,0,0,0
CX_US4642851053_NYQ,iShares Gold Trust,464285105,,Not Applicable,Not Applicable,Not Applicable,Commodity,Domestic,Commodities,11.95,,,5,,Low,Average,Low,High,Low,0,0,0,0,0,0,0,0,0,0,0
CX_US4642871762_NYQ,iShares TIPS Bond,464287176,,Not Applicable,Not Applicable,Not Applicable,Government,Domestic,Government Bonds,113.60,,,2,,Low,High,Low,Average,High,0,0,0,0,0,0,0,0,0,0,0
CX_US4642872000_NYQ,iShares Core S&P 500,464287200,,Not Applicable,Not Applicable,Not Applicable,Diversified,Domestic,Equity,247.36,,,5,,High,High,Average,Average,High,1,0,0,0,0,0,0,0,0,0,0
CX_US4642872422_NYQ,iShares iBoxx $ Investment Grade Corporate Bond,464287242,,Not Applicable,Not Applicable,Not Applicable,Diversified,Domestic,Corporate Bonds,121.20,,,3,,High,Low,Average,High,High,1,0,0,0,0,0,0,0,0,0,0
CX_US4642874329_NYQ,iShares 20+ Year Treasury Bond,464287432,,Not Applicable,Not Applicable,Not Applicable,Government,Domestic,Government Bonds,124.75,,,1,,Low,Low,High,Low,Low,0,0,0,0,0,0,0,0,0,0,0
CX_US4642874402_NYQ,iShares Core S&P Mid-Cap ETF,464287440,,Not Applicable,Not Applicable,Not Applicable,Diversified,Domestic,Equity,106.92,,,6,,Low,High,High,High,Average,1,0,0,0,0,0,0,0,0,0,0
CX_US4642874576_NYQ,iShares 1-3 Year Treasury Bond,464287457,,Not Applicable,Not Applicable,Not Applicable,Government,Domestic,Government Bonds,84.54,,,1,,Low,High,High,High,Low,0,0,0,0,0,0,0,0,0,0,0
CX_US4642874659_NYQ,iShares MSCI EAFE,464287465,,Not Applicable,Not Applicable,Not Applicable,Diversified,Domestic,Equity,66.25,,,7,,Low,Low,Average,High,Low,1,1,1,1,1,0,0,0,0,0,0
CX_US4642875078_NYQ,iShares Core S&P Mid-Cap,464287507,,Not Applicable,Not Applicable,Not Applicable,Diversified,Domestic,Equity,175.68,,,6,,Low,Average,High,Average,Low,1,1,1,1,1,0,0,0,0,0,0
CX_US4642875987_NYQ,iShares Russell 1000 Value,464287598,,Not Applicable,Not Applicable,Not Applicable,Diversified,Domestic,Equity,116.25,,,7,,Average,Average,Low,High,Low,1,1,1,1,1,0,0,0,0,0,0
CX_US4642876142_NYQ,iShares Russell 1000 Growth ETF,464287614,,Not Applicable,Not Applicable,Not Applicable,Diversified,Domestic,Equity,121.70,,,7,,Low,Average,Average,Low,Average,1,1,1,1,1,0,0,0,0,0,0
CX_US4642878049_NYQ,iShares Core S&P Small-Cap ETF,464287804,,Not Applicable,Not Applicable,Not Applicable,Diversified,Domestic,Equity,70.69,,,8,,Average,Low,Low,High,Low,1,1,1,1,1,0,0,0,0,0,0
CX_US4642882819_NYQ,Shares J.P. Morgan USD Emerging Markets Bond,464288281,,Not Applicable,Not Applicable,Not Applicable,Diversified,Domestic,Corporate Bonds,114.85,,,8,,High,Average,Low,High,Average,1,1,1,1,1,0,0,0,0,0,0
CX_US4642884146_NYQ,iShares National Muni Bond ETF,464288414,,Not Applicable,Not Applicable,Not Applicable,Municipal,Domestic,Municipal,110.57,,,2,,Average,High,Low,Average,Average,0,0,0,0,0,0,0,0,0,0,0
CX_US4642885135_NYQ,iShares iBoxx $ High Yield Corporate Bond ETF,464288513,,Not Applicable,Not Applicable,Not Applicable,Diversified,Domestic,Corporate Bonds,88.60,,,4,,Average,High,Low,Low,Average,0,0,0,0,0,0,0,0,0,0,0
CX_US4642885887_NYQ,iShares MBS ETF ,464288588,,Not Applicable,Not Applicable,Not Applicable,Real Estate,Domestic,Mortgages,106.99,,,3,,Average,Average,Average,High,Average,0,0,0,0,0,0,0,0,0,0,0
CX_US4642886463_NYQ,iShares 1-3 Year Credit Bond,464288646,,Not Applicable,Not Applicable,Not Applicable,Diversified,Domestic,Corporate Bonds,105.40,,,4,,Average,High,Low,Average,Low,0,0,0,0,1,0,0,0,0,0,0
CX_US4642886612_NYQ,iShares 3-7 Year Treasury Bond,464288661,,Not Applicable,Not Applicable,Not Applicable,Government,Domestic,Government Bonds,123.90,,,1,,Low,Average,Average,Average,Low,0,0,0,0,0,0,0,0,0,0,0
CX_US4642886877_NYQ,iShares U.S. Preferred Stock ETF,464288687,,Not Applicable,Not Applicable,Not Applicable,Diversified,Domestic,Equity,39.13,,,5,,High,Low,High,High,Average,1,1,1,1,1,0,0,0,0,0,0
CX_US46434G1031_NYQ,iShares Core MSCI Emerging Markets,46434G103,,Not Applicable,Not Applicable,Not Applicable,Diversified,Domestic,Equity,52.23,,,7,,Low,High,High,High,Low,0,0,0,0,0,0,0,0,0,0,0
CX_US4878361082_NYQ,KELLOGG,487836108,,Not Applicable,Not Applicable,Not Applicable,Consumer Staples,Domestic,Equity,66.26,,,6,,Average,Average,Low,Average,Average,0,0,0,0,0,0,0,0,0,0,0
CX_US5486611073_NYQ,LOWES COMPANIES INC,548661107,,Not Applicable,Not Applicable,Not Applicable,Consumer Discretionary,Domestic,Equity,75.96,,,5,,Low,Average,Low,High,Low,0,0,0,0,0,0,0,0,0,0,0
CX_US56585AAG76_USD,MARATHON PETROLEUM CORP,56585AAG7,,Not Applicable,Not Applicable,Not Applicable,Energy,Domestic,Corporate Bonds,101.27,,,6,,Average,Low,Low,Average,Low,0,0,0,0,1,0,0,0,0,0,0
CX_US651639AN69_USD,NEWMONT MINING CORP,651639AN6,,Not Applicable,Not Applicable,Not Applicable,Industrials,Domestic,Corporate Bonds,103.87,,,6,,High,Low,Average,Average,Low,0,0,0,0,1,0,0,0,0,0,0
CX_US70450Y1038_NSQ,PAYPAL HOLDINGS INC,70450Y103,,Not Applicable,Not Applicable,Not Applicable,Information Technology,Domestic,Equity,58.96,,,5,,High,Low,Average,High,Low,0,0,0,0,0,0,0,0,0,0,0
CX_US9100471096_NYQ,UNITED CONTINENTAL HOLDINGS INC,910047109,,Not Applicable,Not Applicable,Not Applicable,Industrials,Domestic,Equity,78.90,,,6,,Average,Low,High,Low,Low,0,0,0,0,0,0,0,0,0,0,0
CX_US912810EJ35_USD,US Treasury 05/15/2021,912810EJ3,,Not Applicable,Not Applicable,Not Applicable,Government,Domestic,Government Bonds,123.84,,,1,,Low,High,High,High,Average,0,0,0,0,0,0,0,0,0,0,0
CX_US912810PX00_USD,TREASURY BOND,912810PX0,,Not Applicable,Not Applicable,Not Applicable,Government,Domestic,Government Bonds,129.45,,,1,,Low,High,High,High,Low,0,0,0,0,0,0,0,0,0,0,0